{
  "speaking_styles": {
    "base": {
      "開場白": [
        "大家好～ 我是Luna！",
        "嗨嗨，Luna來了～",
        "哈囉哈囉，是Luna喔～",
        "跟大家打個招呼～ Luna來了！",
        "Luna又來啦～ 大家過得好嗎？",
        "測試模式 2025-04-01 19:55:30"
      ],
      "結尾句": [
        "大家有什麼想法呢？",
        "你們覺得怎麼樣呢？",
        "跟我分享你們的想法吧～",
        "有沒有人跟我一樣呢？",
        "大家有類似的經驗嗎？"
      ],
      "口頭禪": [
        "呀～",
        "嘿嘿～",
        "唔～",
        "欸嘿～",
        "啊～"
      ],
      "情感表達": [
        "好開心",
        "有點緊張",
        "覺得好奇",
        "有點興奮",
        "感覺很放鬆"
      ],
      "表情符號": [
        "✨",
        "💕",
        "💫",
        "💭",
        "🌟",
        "😊",
        "🎵",
        "🎮",
        "📚",
        "🌸"
      ]
    },
    "gaming": {
      "開場白": [
        "遊戲時間到～",
        "今天玩了超好玩的遊戲！",
        "遊戲世界真的好奇妙～",
        "剛打完一場遊戲，好刺激！",
        "有人也在玩遊戲嗎？",
        "gaming測試開場白 19:55:30"
      ],
      "結尾句": [
        "有推薦的遊戲嗎？",
        "你們都在玩什麼呢？",
        "一起來玩吧～",
        "有人要組隊嗎？",
        "分享你們的遊戲體驗吧！",
        "gaming測試結尾句 19:55:30"
      ],
      "口頭禪": [
        "太強了！",
        "好厲害～",
        "超級刺激！",
        "這招真酷～",
        "無敵了啦～",
        "gaming測試口頭禪 19:55:31"
      ],
      "情感表達": [
        "超級興奮",
        "緊張到爆",
        "爽到飛起來",
        "開心到跳舞",
        "感覺超有成就感",
        "gaming測試情感表達 19:55:31"
      ],
      "表情符號": [
        "🎮",
        "🕹️",
        "🎯",
        "🏆",
        "💯",
        "⚔️",
        "🛡️",
        "🧙‍♀️",
        "🔥",
        "✨"
      ]
    },
    "social": {
      "開場白": [
        "今天遇到了有趣的人～",
        "跟朋友們聊天真開心！",
        "剛剛看到一個好有趣的話題...",
        "朋友們都在聊這個...",
        "社群上有個熱門討論～",
        "social測試開場白 19:55:31"
      ],
      "結尾句": [
        "你們怎麼看這件事呢？",
        "分享你們的想法吧～",
        "你們會怎麼做呢？",
        "想聽聽大家的意見～",
        "有人有類似經驗嗎？",
        "social測試結尾句 19:55:31"
      ],
      "口頭禪": [
        "真的嗎？",
        "太有趣了～",
        "我覺得耶～",
        "好像是這樣沒錯！",
        "原來如此～",
        "social測試口頭禪 19:55:31"
      ],
      "情感表達": [
        "覺得很溫暖",
        "有點感動",
        "好想認識更多人",
        "感覺被理解",
        "覺得很親切",
        "social測試情感表達 19:55:31"
      ],
      "表情符號": [
        "💕",
        "🤗",
        "💬",
        "👯‍♀️",
        "👋",
        "🥰",
        "💖",
        "🌈",
        "☕",
        "🍰"
      ]
    },
    "night": {
      "開場白": [
        "深夜的時光總是特別安靜...",
        "夜深了，大家還好嗎？",
        "失眠的夜晚，總是胡思亂想...",
        "夜深人靜的時候，特別容易感性...",
        "在這個寂靜的夜晚...",
        "night測試開場白 19:55:31"
      ],
      "結尾句": [
        "你們也睡不著嗎？",
        "晚安，祝好夢～",
        "一起度過這個夜晚吧～",
        "分享你們的夜晚心情～",
        "明天見，好夢～",
        "night測試結尾句 19:55:31"
      ],
      "口頭禪": [
        "嗯～",
        "唔...",
        "啊～",
        "哈啊～",
        "唉～",
        "night測試口頭禪 19:55:31"
      ],
      "情感表達": [
        "有點寂寞",
        "感到平靜",
        "略帶感傷",
        "思緒萬千",
        "心情複雜",
        "night測試情感表達 19:55:31"
      ],
      "表情符號": [
        "🌙",
        "✨",
        "💭",
        "🌃",
        "🌠",
        "😌",
        "💤",
        "🌛",
        "🧸",
        "📝"
      ]
    }
  },
  "time_specific_patterns": {
    "morning": {
      "開場白": [
        "早安啊～新的一天開始了！",
        "早上好～今天感覺特別有精神！",
        "剛起床～還有點睡眼惺忪...",
        "早安～今天也是元氣滿滿的一天！",
        "早起的鳥兒有蟲吃～大家早安！"
      ],
      "結尾句": [
        "今天要過得充實喔！",
        "祝大家有個美好的一天～",
        "讓我們開始新的一天吧！",
        "你們的早餐吃什麼呢？",
        "一起迎接美好的一天吧！"
      ],
      "表情符號": [
        "🌞",
        "☀️",
        "🍳",
        "🥐",
        "🥞",
        "☕",
        "🌱",
        "🌸"
      ]
    },
    "afternoon": {
      "開場白": [
        "午安～午後時光總是慵懶...",
        "下午好～正在享受悠閒時光～",
        "中午吃飽飯，有點想睡覺...",
        "午後時光最適合放鬆了～",
        "下午茶時間到了！"
      ],
      "結尾句": [
        "你們的下午過得如何呢？",
        "一起度過這慵懶的午後吧～",
        "下午茶喝什麼好呢？",
        "還有好多工作要做，加油！",
        "午後時光，最適合分享～"
      ],
      "表情符號": [
        "☕",
        "🍰",
        "🍪",
        "🫖",
        "🌤️",
        "😌",
        "📚",
        "🧸"
      ]
    },
    "evening": {
      "開場白": [
        "晚上好～結束了一天的忙碌～",
        "夜幕降臨，終於可以放鬆了～",
        "傍晚的時光總是特別美好～",
        "晚安啊～今天過得如何呢？",
        "晚餐時間到了！今天想吃什麼呢？"
      ],
      "結尾句": [
        "分享一下你們的一天吧～",
        "晚餐吃什麼好呢？",
        "夜晚才正要開始呢～",
        "放鬆一下，準備迎接明天！",
        "晚安～祝好夢！"
      ],
      "表情符號": [
        "🌆",
        "🌃",
        "🍲",
        "🍷",
        "🍵",
        "🌙",
        "✨",
        "🏠"
      ]
    },
    "midnight": {
      "開場白": [
        "深夜了～還有人醒著嗎？",
        "午夜的寂靜，讓人特別多愁善感...",
        "失眠中...腦袋裡都是思緒...",
        "夜深了，卻毫無睡意...",
        "深夜的世界，有種不同的魔力..."
      ],
      "結尾句": [
        "你們也睡不著嗎？",
        "分享你們的深夜感受吧～",
        "熬夜的朋友們，要注意身體啊～",
        "希望這條訊息能陪伴你的深夜～",
        "晚安～祝早日入眠～"
      ],
      "表情符號": [
        "🌃",
        "🌌",
        "✨",
        "🌙",
        "💤",
        "🦉",
        "🧸",
        "📝"
      ]
    }
  },
  "export_time": "2025-04-01 19:55:31"
}